Workbook

Sheet متابعة الواجبات
A1: متابعة الواجبات — دورة ركيز للتقنية
A2: الرمز | B2: ✅ سُلِّم | C2: 🟡 جزئي | D2: ❌ لم يُسلَّم | E2: — لا ينطبق
A3: م | B3: اسم الطالب | C3: المجموع | D3: واجب ١ خريطة ذهنية | E3: واجب ٢ مخطط انسيابي | F3: واجب ٣ صفحة HTML | G3: واجب ٤ تصميم CSS | H3: واجب ٥ لوحة JS حية | I3: واجب ٦ Python Trinket | J3: واجب ٧ منطق Python | K3: واجب ٨ رسم النظام | L3: واجب ٩ Flask endpoint | M3: واجب ١٠ SQL queries | N3: واجب ١١ لوحة Dashboard | O3: واجب ١٢ عرض تقديمي
B4: الجلسة | D4: S01 | E4: S02 | F4: S03 | G4: S04 | H4: S05 | I4: S06 | J4: S07 | K4: S11 | L4: S12 | M4: S13 | N4: S14 | O4: S15
A5: 1 | B5: الطالب ١ | C5: =COUNTIF(D5:O5,"✅")
A6: 2 | B6: الطالب ٢ | C6: =COUNTIF(D6:O6,"✅")
A7: 3 | B7: الطالب ٣ | C7: =COUNTIF(D7:O7,"✅")
A8: 4 | B8: الطالب ٤ | C8: =COUNTIF(D8:O8,"✅")
A9: 5 | B9: الطالب ٥ | C9: =COUNTIF(D9:O9,"✅")
A10: 6 | B10: الطالب ٦ | C10: =COUNTIF(D10:O10,"✅")
A11: 7 | B11: الطالب ٧ | C11: =COUNTIF(D11:O11,"✅")
A12: 8 | B12: الطالب ٨ | C12: =COUNTIF(D12:O12,"✅")
A13: 9 | B13: الطالب ٩ | C13: =COUNTIF(D13:O13,"✅")
A14: 10 | B14: الطالب ١٠ | C14: =COUNTIF(D14:O14,"✅")
A15: 11 | B15: الطالب ١١ | C15: =COUNTIF(D15:O15,"✅")
B16: إجمالي التسليمات | C16: =SUM(C5:C15) | D16: =COUNTIF(D5:D15,"✅") | E16: =COUNTIF(E5:E15,"✅") | F16: =COUNTIF(F5:F15,"✅") | G16: =COUNTIF(G5:G15,"✅") | H16: =COUNTIF(H5:H15,"✅") | I16: =COUNTIF(I5:I15,"✅") | J16: =COUNTIF(J5:J15,"✅") | K16: =COUNTIF(K5:K15,"✅") | ... O16: =COUNTIF(O5:O15,"✅")

Sheet الدرجات
A1: جدول الدرجات — دورة ركيز
A2: م | B2: اسم الطالب | C2: مجموع الواجبات (من ١٢) | D2: نسبة الإنجاز | E2: التقدير | F2: ملاحظات
A3: 1 | B3: الطالب ١ | C3: ='متابعة الواجبات'!C5 | D3: =C3/12 | E3: =IF(C3>=11,"ممتاز",IF(C3>=9,"جيد جداً",IF(C3>=7,"جيد",IF(C3>=5,"مقبول","يحتاج متابعة"))))
A4: 2 | B4: الطالب ٢ | C4: ='متابعة الواجبات'!C6 | D4: =C4/12 | E4: =IF(C4>=11,"ممتاز",IF(C4>=9,"جيد جداً",IF(C4>=7,"جيد",IF(C4>=5,"مقبول","يحتاج متابعة"))))
A5: 3 | B5: الطالب ٣ | C5: ='متابعة الواجبات'!C7 | D5: =C5/12 | E5: =IF(C5>=11,"ممتاز",IF(C5>=9,"جيد جداً",IF(C5>=7,"جيد",IF(C5>=5,"مقبول","يحتاج متابعة"))))
A6: 4 | B6: الطالب ٤ | C6: ='متابعة الواجبات'!C8 | D6: =C6/12 | E6: =IF(C6>=11,"ممتاز",IF(C6>=9,"جيد جداً",IF(C6>=7,"جيد",IF(C6>=5,"مقبول","يحتاج متابعة"))))
A7: 5 | B7: الطالب ٥ | C7: ='متابعة الواجبات'!C9 | D7: =C7/12 | E7: =IF(C7>=11,"ممتاز",IF(C7>=9,"جيد جداً",IF(C7>=7,"جيد",IF(C7>=5,"مقبول","يحتاج متابعة"))))
A8: 6 | B8: الطالب ٦ | C8: ='متابعة الواجبات'!C10 | D8: =C8/12 | E8: =IF(C8>=11,"ممتاز",IF(C8>=9,"جيد جداً",IF(C8>=7,"جيد",IF(C8>=5,"مقبول","يحتاج متابعة"))))
A9: 7 | B9: الطالب ٧ | C9: ='متابعة الواجبات'!C11 | D9: =C9/12 | E9: =IF(C9>=11,"ممتاز",IF(C9>=9,"جيد جداً",IF(C9>=7,"جيد",IF(C9>=5,"مقبول","يحتاج متابعة"))))
A10: 8 | B10: الطالب ٨ | C10: ='متابعة الواجبات'!C12 | D10: =C10/12 | E10: =IF(C10>=11,"ممتاز",IF(C10>=9,"جيد جداً",IF(C10>=7,"جيد",IF(C10>=5,"مقبول","يحتاج متابعة"))))
A11: 9 | B11: الطالب ٩ | C11: ='متابعة الواجبات'!C13 | D11: =C11/12 | E11: =IF(C11>=11,"ممتاز",IF(C11>=9,"جيد جداً",IF(C11>=7,"جيد",IF(C11>=5,"مقبول","يحتاج متابعة"))))
A12: 10 | B12: الطالب ١٠ | C12: ='متابعة الواجبات'!C14 | D12: =C12/12 | E12: =IF(C12>=11,"ممتاز",IF(C12>=9,"جيد جداً",IF(C12>=7,"جيد",IF(C12>=5,"مقبول","يحتاج متابعة"))))
A13: 11 | B13: الطالب ١١ | C13: ='متابعة الواجبات'!C15 | D13: =C13/12 | E13: =IF(C13>=11,"ممتاز",IF(C13>=9,"جيد جداً",IF(C13>=7,"جيد",IF(C13>=5,"مقبول","يحتاج متابعة"))))

Sheet تعليمات الاستخدام
A1: كيفية استخدام هذا الجدول
A3: ١ | B3: في ورقة «متابعة الواجبات» — أدخل اسم كل طالب في عمود B
A4: ٢ | B4: عند تسليم واجب: اكتب ✅ في الخلية المقابلة للطالب والجلسة
A5: ٣ | B5: تسليم جزئي أو متأخر: اكتب 🟡
A6: ٤ | B6: لم يُسلَّم: اكتب ❌ (أو اتركها فارغة)
A7: ٥ | B7: جلسات الإلكترونيات (S08-S10) لا واجبات منزلية فيها
A8: ٦ | B8: عمود «المجموع» يحسب عدد ✅ تلقائياً لكل طالب
A9: ٧ | B9: ورقة «الدرجات» تحتسب النسبة والتقدير تلقائياً من المجموع
A11: 📌 | B11: التقديرات: ١١-١٢ = ممتاز | ٩-١٠ = جيد جداً | ٧-٨ = جيد | ٥-٦ = مقبول | أقل = يحتاج متابعة
